device_id,timestamp,H2S,NH3,ph_value,aerator_status,rs485_temperature,ambient_temperature,level,pressure,altitude,temperature
ESP32_653218,2025-04-11T18:18:00,323.01,0.02625,439.05,ON,28.09,27.24,-0.02503,765.2402,2310.126,26.88
ESP32_653218,2025-04-11T19:18:00,307.76,0.02648,449.78,ON,24.7,24.14,-0.02621,766.2547,2322.286,24.89
ESP32_653218,2025-04-11T20:18:00,308.44,0.02665,442.65,ON,23.74,21.9,-0.02577,763.9318,2304.604,22.62
ESP32_653218,2025-04-11T21:18:00,319.45,0.02697,444.86,OFF,,,,765.735,2328.984,21.05
ESP32_653218,2025-04-11T22:18:00,351.99,0.0267,428.41,OFF,,,,762.1815,2306.211,20.8
ESP32_653218,2025-04-11T23:18:00,313.63,0.02615,423.83,OFF,,,,764.0305,2324.736,19.24
ESP32_653218,2025-04-12T00:18:00,366.42,0.02623,452.99,ON,18.82,17.14,-0.02539,766.4957,2303.052,17.37
ESP32_653218,2025-04-12T01:18:00,308.29,0.02613,425.61,ON,18.54,17.08,-0.02626,762.8095,2329.219,17.41
ESP32_653218,2025-04-12T02:18:00,357.7,0.02603,443.71,ON,17.36,16.79,-0.02597,762.0434,2322.481,16.61
ESP32_653218,2025-04-12T03:18:00,344.36,0.02696,428.84,OFF,,,,765.0489,2316.33,17.28
ESP32_653218,2025-04-12T04:18:00,298.76,0.02647,434.0,OFF,,,,766.2976,2309.495,17.68
ESP32_653218,2025-04-12T05:18:00,330.52,0.02602,429.37,OFF,,,,764.2494,2324.707,18.8
ESP32_653218,2025-04-12T06:18:00,319.5,0.02625,450.27,ON,20.71,18.92,-0.02617,765.8575,2330.336,19.78
ESP32_653218,2025-04-12T07:18:00,303.14,0.02621,423.73,ON,21.51,19.9,-0.02632,762.8709,2317.494,21.21
ESP32_653218,2025-04-12T08:18:00,332.11,0.02622,426.88,ON,23.31,22.27,-0.02575,766.1489,2312.597,22.57
ESP32_653218,2025-04-12T09:18:00,298.36,0.02662,450.48,OFF,,,,762.772,2317.813,25.56
ESP32_653218,2025-04-12T10:18:00,319.55,0.02693,428.77,OFF,,,,764.2202,2314.865,27.46
ESP32_653218,2025-04-12T11:18:00,309.32,0.02631,435.06,OFF,,,,765.3296,2316.864,30.14
ESP32_653218,2025-04-12T12:18:00,303.11,0.02682,452.82,ON,33.41,32.42,-0.02657,763.2271,2305.585,32.7
ESP32_653218,2025-04-12T13:18:00,357.84,0.02663,438.72,ON,33.57,32.28,-0.02556,764.3386,2306.24,32.78
ESP32_653218,2025-04-12T14:18:00,306.92,0.02612,438.32,ON,33.34,31.44,-0.02521,762.4785,2307.4,32.93
ESP32_653218,2025-04-12T15:18:00,314.94,0.02634,452.85,OFF,,,,764.6982,2303.089,33.07
ESP32_653218,2025-04-12T16:18:00,344.39,0.02691,427.59,OFF,,,,763.8036,2305.689,32.69
ESP32_653218,2025-04-12T17:18:00,330.16,0.02674,424.59,OFF,,,,764.5358,2322.285,30.66
ESP32_653218,2025-04-12T18:18:00,344.3,0.02665,451.83,ON,28.94,27.43,-0.02665,766.0116,2305.508,28.08
ESP32_653218,2025-04-12T19:18:00,332.18,0.02695,442.37,ON,26.77,25.64,-0.02593,765.927,2304.963,25.84
ESP32_653218,2025-04-12T20:18:00,331.37,0.02673,443.7,ON,23.42,22.31,-0.02699,766.5712,2320.808,22.72
ESP32_653218,2025-04-12T21:18:00,326.98,0.02636,446.56,OFF,,,,764.9165,2330.132,22.02
ESP32_653218,2025-04-12T22:18:00,327.87,0.02671,428.21,OFF,,,,762.5866,2308.415,20.4
ESP32_653218,2025-04-12T23:18:00,327.33,0.02677,446.78,OFF,,,,765.7761,2314.004,18.9
ESP32_653218,2025-04-13T00:18:00,355.59,0.02698,452.62,ON,19.37,17.94,-0.02503,765.7787,2305.608,18.1
ESP32_653218,2025-04-13T01:18:00,309.65,0.02606,449.69,ON,19.76,18.84,-0.0262,765.1081,2314.145,18.83
ESP32_653218,2025-04-13T02:18:00,322.95,0.02629,428.5,ON,18.92,18.36,-0.02549,763.0177,2328.501,18.62
ESP32_653218,2025-04-13T03:18:00,319.75,0.02663,450.51,OFF,,,,763.953,2304.411,18.35
ESP32_653218,2025-04-13T04:18:00,308.49,0.02659,445.09,OFF,,,,762.4796,2327.738,17.99
ESP32_653218,2025-04-13T05:18:00,300.63,0.02648,428.87,OFF,,,,765.4568,2327.815,19.38
ESP32_653218,2025-04-13T06:18:00,340.31,0.02627,423.6,ON,20.49,19.46,-0.02599,765.0795,2311.659,19.81
ESP32_653218,2025-04-13T07:18:00,355.49,0.02655,425.09,ON,23.08,21.09,-0.02679,762.1308,2302.637,21.85
ESP32_653218,2025-04-13T08:18:00,301.39,0.02622,441.56,ON,22.68,21.84,-0.02619,762.8767,2313.211,22.23
ESP32_653218,2025-04-13T09:18:00,366.51,0.02647,444.4,OFF,,,,765.5968,2309.739,24.12
ESP32_653218,2025-04-13T10:18:00,305.65,0.02662,438.97,OFF,,,,762.9514,2332.347,27.6
ESP32_653218,2025-04-13T11:18:00,334.86,0.02675,432.19,OFF,,,,765.8746,2316.963,29.38
ESP32_653218,2025-04-13T12:18:00,327.36,0.02619,434.55,ON,32.62,31.37,-0.02681,763.1082,2306.422,31.7
ESP32_653218,2025-04-13T13:18:00,300.73,0.02696,436.4,ON,32.22,31.71,-0.02508,765.6176,2324.532,32.11
ESP32_653218,2025-04-13T14:18:00,359.53,0.02654,441.37,ON,32.05,30.71,-0.02579,766.8218,2307.623,31.52
ESP32_653218,2025-04-13T15:18:00,312.63,0.02687,448.7,OFF,,,,763.4781,2315.782,32.21
ESP32_653218,2025-04-13T16:18:00,298.37,0.02698,427.77,OFF,,,,766.8115,2323.268,31.79
ESP32_653218,2025-04-13T17:18:00,339.61,0.02681,439.51,OFF,,,,765.6444,2303.82,30.21
ESP32_653218,2025-04-13T18:18:00,316.45,0.02658,434.92,ON,28.24,27.01,-0.02523,766.3708,2328.232,27.27
ESP32_653218,2025-04-13T19:18:00,300.54,0.02661,427.3,ON,25.59,24.56,-0.0267,765.3638,2312.452,25.02
ESP32_653218,2025-04-13T20:18:00,336.61,0.02665,432.65,ON,24.05,21.93,-0.02557,766.6804,2326.933,22.88
ESP32_653218,2025-04-13T21:18:00,347.19,0.02621,445.49,OFF,,,,766.3581,2332.8,21.57
ESP32_653218,2025-04-13T22:18:00,361.03,0.02688,423.7,OFF,,,,765.4091,2324.865,20.48
ESP32_653218,2025-04-13T23:18:00,303.27,0.02681,441.7,OFF,,,,763.3512,2314.188,18.95
ESP32_653218,2025-04-14T00:18:00,340.75,0.02632,431.15,ON,19.17,18.77,-0.02593,763.3959,2315.275,18.93
ESP32_653218,2025-04-14T01:18:00,352.93,0.02614,433.37,ON,20.31,18.11,-0.02691,762.1223,2314.083,18.52
ESP32_653218,2025-04-14T02:18:00,359.86,0.02612,443.72,ON,19.54,18.7,-0.0262,763.511,2324.86,19.06
ESP32_653218,2025-04-14T03:18:00,352.16,0.02636,444.35,OFF,,,,762.8652,2312.116,19.67
ESP32_653218,2025-04-14T04:18:00,354.42,0.02681,430.71,OFF,,,,763.2406,2322.297,19.27
ESP32_653218,2025-04-14T05:18:00,357.29,0.02614,444.92,OFF,,,,762.0004,2325.08,19.33
ESP32_653218,2025-04-14T06:18:00,325.23,0.02693,427.89,ON,21.36,20.13,-0.02536,763.7464,2302.733,20.08
ESP32_653218,2025-04-14T07:18:00,352.62,0.02639,448.97,ON,21.32,20.08,-0.02627,762.8259,2325.649,20.87
ESP32_653218,2025-04-14T08:18:00,320.55,0.02636,428.79,ON,22.06,20.4,-0.02653,765.3624,2311.108,20.88
ESP32_653218,2025-04-14T09:18:00,343.86,0.02645,424.86,OFF,,,,765.1699,2332.761,23.9
ESP32_653218,2025-04-14T10:18:00,317.26,0.02696,431.52,OFF,,,,765.1508,2317.294,27.46
ESP32_653218,2025-04-14T11:18:00,318.84,0.02642,426.14,OFF,,,,763.6387,2319.112,30.43
ESP32_653218,2025-04-14T12:18:00,339.67,0.02608,453.87,ON,33.72,33.09,-0.02505,763.6725,2326.839,33.54
ESP32_653218,2025-04-14T13:18:00,326.1,0.02617,428.58,ON,33.29,31.75,-0.02665,764.2406,2317.723,32.91
ESP32_653218,2025-04-14T14:18:00,366.17,0.0269,451.93,ON,34.2,32.95,-0.02693,766.0156,2311.728,33.04
ESP32_653218,2025-04-14T15:18:00,356.39,0.02649,429.0,OFF,,,,766.1138,2313.167,32.44
ESP32_653218,2025-04-14T16:18:00,360.86,0.02606,438.73,OFF,,,,765.7966,2329.932,32.07
ESP32_653218,2025-04-14T17:18:00,319.75,0.02647,439.98,OFF,,,,766.7558,2302.031,31.15
ESP32_653218,2025-04-14T18:18:00,358.61,0.02686,449.32,ON,30.44,29.39,-0.02641,765.6218,2313.044,29.55
ESP32_653218,2025-04-14T19:18:00,333.04,0.02662,430.45,ON,29.65,28.2,-0.02683,764.2408,2306.607,28.95
ESP32_653218,2025-04-14T20:18:00,312.5,0.02669,425.24,ON,28.24,26.73,-0.02563,762.1737,2318.092,26.95
ESP32_653218,2025-04-14T21:18:00,312.16,0.0269,436.52,OFF,,,,763.1931,2311.651,24.41
ESP32_653218,2025-04-14T22:18:00,318.48,0.02614,448.59,OFF,,,,764.0859,2328.665,22.9
ESP32_653218,2025-04-14T23:18:00,331.22,0.02649,425.63,OFF,,,,762.3962,2310.223,20.78
ESP32_653218,2025-04-15T00:18:00,308.49,0.02628,448.32,ON,22.19,21.55,-0.02595,762.219,2319.605,21.13
ESP32_653218,2025-04-15T01:18:00,321.97,0.02686,430.51,ON,20.95,20.5,-0.02616,765.1064,2312.19,20.36
ESP32_653218,2025-04-15T02:18:00,343.09,0.02669,441.05,ON,20.74,18.85,-0.02681,764.7651,2310.132,19.56
ESP32_653218,2025-04-15T03:18:00,299.97,0.02671,431.99,OFF,,,,765.9387,2315.234,20.14
ESP32_653218,2025-04-15T04:18:00,331.05,0.02604,439.28,OFF,,,,766.1771,2318.792,19.5
ESP32_653218,2025-04-15T05:18:00,330.87,0.02632,446.04,OFF,,,,766.1333,2320.027,20.26
ESP32_653218,2025-04-15T06:18:00,350.19,0.02644,423.66,ON,21.15,20.17,-0.02579,764.923,2302.499,21.29
ESP32_653218,2025-04-15T07:18:00,350.09,0.02676,447.33,ON,23.35,21.78,-0.02586,765.255,2319.467,22.92
ESP32_653218,2025-04-15T08:18:00,331.63,0.02608,449.67,ON,24.47,23.13,-0.02604,763.4324,2321.626,23.08
ESP32_653218,2025-04-15T09:18:00,316.9,0.02622,440.29,OFF,,,,764.2555,2321.331,27.74
ESP32_653218,2025-04-15T10:18:00,303.66,0.0268,442.6,OFF,,,,763.2608,2315.769,30.59
ESP32_653218,2025-04-15T11:18:00,322.88,0.02644,437.46,OFF,,,,765.1395,2332.575,33.69
ESP32_653218,2025-04-15T12:18:00,345.83,0.02674,433.13,ON,37.8,36.36,-0.02634,766.8485,2317.093,36.49
ESP32_653218,2025-04-15T13:18:00,317.91,0.0266,426.35,ON,37.33,36.5,-0.02665,763.4808,2308.191,36.91
ESP32_653218,2025-04-15T14:18:00,309.77,0.02608,442.11,ON,37.35,36.57,-0.02589,764.6459,2326.131,36.89
ESP32_653218,2025-04-15T15:18:00,311.29,0.02656,439.43,OFF,,,,763.5342,2310.595,37.78
ESP32_653218,2025-04-15T16:18:00,361.03,0.02631,428.86,OFF,,,,765.267,2305.086,37.96
ESP32_653218,2025-04-15T17:18:00,336.42,0.02627,430.34,OFF,,,,765.4502,2324.633,36.15
ESP32_653218,2025-04-15T18:18:00,329.91,0.02631,439.83,ON,33.24,32.38,-0.02619,762.0671,2310.103,32.59
ESP32_653218,2025-04-15T19:18:00,298.73,0.0266,450.9,ON,31.26,30.27,-0.02612,764.6898,2323.289,30.75
ESP32_653218,2025-04-15T20:18:00,365.37,0.02627,448.57,ON,29.18,27.92,-0.02686,766.1722,2307.244,28.41
ESP32_653218,2025-04-15T21:18:00,365.42,0.02634,445.23,OFF,,,,764.4706,2318.445,27.08
ESP32_653218,2025-04-15T22:18:00,340.93,0.02699,434.04,OFF,,,,763.797,2314.23,24.05
ESP32_653218,2025-04-15T23:18:00,302.55,0.0263,452.66,OFF,,,,762.4396,2322.112,23.94
ESP32_653218,2025-04-16T00:18:00,315.2,0.02665,449.34,ON,25.72,24.59,-0.02555,765.2696,2314.247,25.5
ESP32_653218,2025-04-16T01:18:00,351.09,0.02611,439.49,ON,25.66,23.73,-0.02572,765.3225,2332.55,24.41
ESP32_653218,2025-04-16T02:18:00,352.66,0.02635,450.1,ON,23.74,23.32,-0.02617,763.3416,2323.3,23.23
ESP32_653218,2025-04-16T03:18:00,313.37,0.02631,434.81,OFF,,,,764.6171,2315.226,22.48
ESP32_653218,2025-04-16T04:18:00,327.48,0.02631,432.4,OFF,,,,764.0812,2303.894,21.41
ESP32_653218,2025-04-16T05:18:00,300.52,0.02616,425.13,OFF,,,,765.3848,2315.295,22.54
ESP32_653218,2025-04-16T06:18:00,339.74,0.02669,423.79,ON,24.08,23.08,-0.02699,765.956,2324.429,23.35
ESP32_653218,2025-04-16T07:18:00,324.4,0.02626,439.77,ON,25.58,23.8,-0.02578,762.6246,2317.869,24.74
ESP32_653218,2025-04-16T08:18:00,351.95,0.02668,448.58,ON,26.65,25.13,-0.02675,762.7539,2332.149,25.45
ESP32_653218,2025-04-16T09:18:00,315.99,0.0264,451.65,OFF,,,,766.2221,2314.318,28.01
ESP32_653218,2025-04-16T10:18:00,299.65,0.02629,423.53,OFF,,,,763.7665,2317.522,29.93
ESP32_653218,2025-04-16T11:18:00,345.62,0.02681,440.64,OFF,,,,762.7664,2321.362,33.19
ESP32_653218,2025-04-16T12:18:00,345.72,0.0267,442.31,ON,35.46,33.75,-0.02643,765.7087,2330.946,35.22
ESP32_653218,2025-04-16T13:18:00,301.83,0.02643,430.34,ON,36.11,34.3,-0.0254,763.5706,2325.762,35.06
ESP32_653218,2025-04-16T14:18:00,311.9,0.02639,438.86,ON,35.27,34.85,-0.02645,765.2507,2332.008,34.73
ESP32_653218,2025-04-16T15:18:00,323.01,0.02623,448.31,OFF,,,,763.4887,2326.593,33.6
ESP32_653218,2025-04-16T16:18:00,318.76,0.02688,428.65,OFF,,,,765.611,2302.265,33.99
ESP32_653218,2025-04-16T17:18:00,352.56,0.02613,445.66,OFF,,,,764.0324,2304.31,31.81
ESP32_653218,2025-04-16T18:18:00,309.08,0.02627,430.78,ON,31.29,30.69,-0.0266,764.5181,2322.859,30.82
ESP32_653218,2025-04-16T19:18:00,347.64,0.02644,428.6,ON,29.41,28.86,-0.02522,762.4966,2330.433,28.94
ESP32_653218,2025-04-16T20:18:00,320.33,0.02623,433.14,ON,27.58,26.67,-0.02614,763.3667,2311.476,26.79
ESP32_653218,2025-04-16T21:18:00,336.57,0.02676,451.05,OFF,,,,765.5228,2328.818,26.34
ESP32_653218,2025-04-16T22:18:00,366.42,0.02656,443.57,OFF,,,,764.0143,2326.079,26.26
ESP32_653218,2025-04-16T23:18:00,349.92,0.02656,434.54,OFF,,,,764.6338,2313.857,25.96
ESP32_653218,2025-04-17T00:18:00,365.02,0.02691,436.96,ON,21.26,20.26,-0.02524,764.856,2331.581,20.1
ESP32_653218,2025-04-17T01:18:00,363.72,0.02673,448.48,ON,19.96,19.19,-0.02696,763.5574,2312.973,19.68
ESP32_653218,2025-04-17T02:18:00,328.68,0.02648,426.32,ON,20.51,19.13,-0.02514,765.2901,2327.995,19.69
ESP32_653218,2025-04-17T03:18:00,324.42,0.02683,452.01,OFF,,,,764.7273,2319.957,19.18
ESP32_653218,2025-04-17T04:18:00,342.66,0.02668,448.65,OFF,,,,765.9904,2319.146,18.71
ESP32_653218,2025-04-17T05:18:00,351.79,0.02676,451.6,OFF,,,,766.8895,2307.69,19.46
ESP32_653218,2025-04-17T06:18:00,320.27,0.02661,432.75,ON,21.96,20.28,-0.02632,762.7633,2332.795,21.26
ESP32_653218,2025-04-17T07:18:00,338.45,0.02699,426.53,ON,23.36,22.0,-0.02645,766.4338,2330.587,22.9
ESP32_653218,2025-04-17T08:18:00,358.08,0.02645,438.52,ON,24.26,23.38,-0.02598,766.8592,2325.431,23.59
ESP32_653218,2025-04-17T09:18:00,318.15,0.02695,426.55,OFF,,,,764.6346,2329.166,26.01
ESP32_653218,2025-04-17T10:18:00,359.88,0.02631,444.23,OFF,,,,764.1822,2327.204,28.98
ESP32_653218,2025-04-17T11:18:00,339.24,0.02682,436.52,OFF,,,,766.4536,2313.608,30.83
ESP32_653218,2025-04-17T12:18:00,303.94,0.02637,440.66,ON,34.23,33.41,-0.02641,766.3628,2305.216,33.41
ESP32_653218,2025-04-17T13:18:00,352.19,0.02606,424.07,ON,34.26,32.74,-0.0258,766.2197,2305.577,33.61
ESP32_653218,2025-04-17T14:18:00,323.08,0.02645,428.58,ON,34.04,33.02,-0.02527,763.8858,2305.78,33.47
ESP32_653218,2025-04-17T15:18:00,352.01,0.02657,429.99,OFF,,,,766.8518,2316.603,33.97
ESP32_653218,2025-04-17T16:18:00,357.41,0.02687,433.58,OFF,,,,765.9325,2308.806,34.37
ESP32_653218,2025-04-17T17:18:00,337.32,0.02673,429.97,OFF,,,,766.6513,2306.902,32.04
ESP32_653218,2025-04-17T18:18:00,353.73,0.02613,446.38,ON,31.38,29.45,-0.02621,763.5543,2305.315,30.38
ESP32_653218,2025-04-17T19:18:00,299.84,0.02657,436.05,ON,29.18,27.81,-0.02677,766.4823,2313.821,28.19
ESP32_653218,2025-04-17T20:18:00,324.47,0.02682,447.85,ON,27.14,26.4,-0.02641,766.4904,2320.828,26.44
ESP32_653218,2025-04-17T21:18:00,314.3,0.02692,427.83,OFF,,,,764.6928,2314.742,24.33
ESP32_653218,2025-04-17T22:18:00,306.5,0.02695,439.13,OFF,,,,764.9633,2326.11,23.61
ESP32_653218,2025-04-17T23:18:00,324.96,0.02608,446.36,OFF,,,,762.8609,2309.694,22.35
ESP32_653218,2025-04-18T00:18:00,301.11,0.02651,435.44,ON,22.23,21.38,-0.02597,764.4204,2325.671,21.89
ESP32_653218,2025-04-18T01:18:00,348.59,0.02609,425.48,ON,22.89,20.88,-0.02659,764.2388,2327.84,21.04
ESP32_653218,2025-04-18T02:18:00,300.7,0.02689,443.71,ON,20.87,19.44,-0.02583,762.8122,2321.811,20.07
ESP32_653218,2025-04-18T03:18:00,314.09,0.0269,434.18,OFF,,,,765.9846,2303.697,18.91
ESP32_653218,2025-04-18T04:18:00,349.13,0.02601,428.28,OFF,,,,765.7268,2323.017,17.89
ESP32_653218,2025-04-18T05:18:00,327.01,0.02607,424.94,OFF,,,,765.8594,2313.184,18.9
ESP32_653218,2025-04-18T06:18:00,349.54,0.0265,444.23,ON,21.37,20.54,-0.027,765.0362,2309.103,20.92
ESP32_653218,2025-04-18T07:18:00,323.61,0.02681,426.89,ON,22.47,21.28,-0.02576,766.338,2327.963,21.73
ESP32_653218,2025-04-18T08:18:00,306.51,0.02691,451.93,ON,23.04,22.35,-0.02532,766.8114,2320.478,22.67
ESP32_653218,2025-04-18T09:18:00,354.02,0.02646,433.3,OFF,,,,762.0477,2331.415,24.52
ESP32_653218,2025-04-18T10:18:00,329.59,0.02698,429.29,OFF,,,,763.3941,2319.818,25.84
ESP32_653218,2025-04-18T11:18:00,306.8,0.02695,441.67,OFF,,,,763.8207,2323.122,28.49
ESP32_653218,2025-04-18T12:18:00,365.33,0.02652,434.0,ON,31.74,30.73,-0.02681,766.6893,2310.27,30.95
ESP32_653218,2025-04-18T13:18:00,328.11,0.02679,440.97,ON,31.42,30.69,-0.02606,764.6838,2331.191,31.19
ESP32_653218,2025-04-18T14:18:00,313.28,0.02654,438.14,ON,31.23,29.67,-0.0266,763.3763,2320.713,30.68
ESP32_653218,2025-04-18T15:18:00,360.48,0.02608,448.86,OFF,,,,766.0935,2308.436,30.68
ESP32_653218,2025-04-18T16:18:00,358.28,0.02643,444.84,OFF,,,,764.0809,2332.192,30.67
ESP32_653218,2025-04-18T17:18:00,326.58,0.02679,427.2,OFF,,,,762.3427,2329.55,29.61
ESP32_653218,2025-04-18T18:18:00,339.23,0.02657,437.19,ON,28.94,26.99,-0.02587,766.4779,2330.92,28.03
ESP32_653218,2025-04-18T19:18:00,302.17,0.02604,452.22,ON,27.21,25.46,-0.02664,766.7695,2321.873,26.63
ESP32_653218,2025-04-18T20:18:00,306.64,0.02664,439.71,ON,25.0,24.02,-0.02635,763.8416,2328.851,24.54
ESP32_653218,2025-04-18T21:18:00,313.68,0.02653,440.87,OFF,,,,765.8548,2317.98,23.85
ESP32_653218,2025-04-18T22:18:00,328.89,0.0263,435.81,OFF,,,,766.6308,2322.371,23.4
ESP32_653218,2025-04-18T23:18:00,327.97,0.02625,442.41,OFF,,,,764.5059,2327.417,21.73
ESP32_653218,2025-04-19T00:18:00,323.74,0.02603,428.62,ON,21.77,20.34,-0.02681,765.7887,2321.303,20.58
ESP32_653218,2025-04-19T01:18:00,349.03,0.02679,435.38,ON,20.61,19.13,-0.02688,762.1517,2317.901,19.69
ESP32_653218,2025-04-19T02:18:00,361.05,0.02624,430.45,ON,19.76,18.53,-0.02677,763.0311,2325.048,18.92
ESP32_653218,2025-04-19T03:18:00,327.34,0.02606,436.42,OFF,,,,766.6748,2311.335,18.09
ESP32_653218,2025-04-19T04:18:00,339.3,0.0264,449.79,OFF,,,,763.5597,2303.803,16.45
ESP32_653218,2025-04-19T05:18:00,335.27,0.02646,426.79,OFF,,,,763.8834,2328.074,17.17
ESP32_653218,2025-04-19T06:18:00,350.67,0.02672,453.25,ON,20.33,19.02,-0.02615,765.4449,2332.807,19.15
ESP32_653218,2025-04-19T07:18:00,323.16,0.02684,434.41,ON,21.52,20.5,-0.02637,764.7844,2310.027,20.9
ESP32_653218,2025-04-19T08:18:00,299.3,0.02648,453.25,ON,23.33,21.91,-0.02639,763.3171,2319.727,22.13
ESP32_653218,2025-04-19T09:18:00,300.81,0.02627,448.55,OFF,,,,762.3802,2327.438,24.4
ESP32_653218,2025-04-19T10:18:00,314.9,0.02611,430.27,OFF,,,,764.8859,2305.358,26.99
ESP32_653218,2025-04-19T11:18:00,352.05,0.02686,442.63,OFF,,,,764.2456,2315.62,29.29
ESP32_653218,2025-04-19T12:18:00,344.9,0.0262,450.36,ON,32.4,31.54,-0.02615,762.0903,2325.104,32.15
ESP32_653218,2025-04-19T13:18:00,324.29,0.02679,438.91,ON,33.34,31.98,-0.02542,765.4516,2320.956,32.73
ESP32_653218,2025-04-19T14:18:00,328.4,0.02639,433.45,ON,33.45,32.35,-0.02604,763.2225,2311.877,32.67
ESP32_653218,2025-04-19T15:18:00,311.72,0.02668,448.19,OFF,,,,766.5232,2328.613,32.6
ESP32_653218,2025-04-19T16:18:00,313.14,0.02671,423.63,OFF,,,,763.4856,2327.675,33.09
ESP32_653218,2025-04-19T17:18:00,355.41,0.02636,443.57,OFF,,,,766.5832,2304.441,31.57
ESP32_653218,2025-04-19T18:18:00,342.44,0.02651,444.88,ON,30.03,28.32,-0.02534,765.6616,2315.076,28.94
ESP32_653218,2025-04-19T19:18:00,364.69,0.02617,428.46,ON,26.88,25.82,-0.02629,765.4333,2304.982,25.88
ESP32_653218,2025-04-19T20:18:00,338.59,0.02617,447.94,ON,24.81,23.07,-0.02598,763.4994,2324.125,23.72
ESP32_653218,2025-04-19T21:18:00,306.37,0.02644,448.37,OFF,,,,766.2934,2326.595,22.9
ESP32_653218,2025-04-19T22:18:00,355.59,0.02639,453.17,OFF,,,,762.0544,2330.153,21.97
ESP32_653218,2025-04-19T23:18:00,334.06,0.02607,430.73,OFF,,,,762.7288,2318.546,21.45
ESP32_653218,2025-04-20T00:18:00,358.07,0.02657,444.34,ON,18.65,17.81,-0.02559,765.3288,2309.421,17.73
ESP32_653218,2025-04-20T01:18:00,360.59,0.02618,434.99,ON,17.98,17.39,-0.02612,766.7372,2318.702,17.94
ESP32_653218,2025-04-20T02:18:00,359.37,0.02628,431.04,ON,16.71,15.91,-0.02516,764.9141,2303.597,16.63
ESP32_653218,2025-04-20T03:18:00,330.56,0.02683,430.3,OFF,,,,764.0133,2332.843,15.84
ESP32_653218,2025-04-20T04:18:00,338.34,0.02601,436.88,OFF,,,,764.9517,2323.313,14.92
ESP32_653218,2025-04-20T05:18:00,353.55,0.02648,428.1,OFF,,,,764.3561,2305.259,16.72
ESP32_653218,2025-04-20T06:18:00,303.98,0.02698,441.82,ON,17.8,16.92,-0.0252,764.7169,2317.066,16.88
ESP32_653218,2025-04-20T07:18:00,318.09,0.02668,424.29,ON,19.65,18.58,-0.02503,765.4625,2311.468,18.92
ESP32_653218,2025-04-20T08:18:00,309.17,0.02616,445.83,ON,20.75,19.88,-0.02559,764.0489,2302.794,20.31
ESP32_653218,2025-04-20T09:18:00,330.09,0.02601,427.45,OFF,,,,764.4141,2322.169,22.92
ESP32_653218,2025-04-20T10:18:00,306.66,0.02617,437.04,OFF,,,,766.0185,2328.347,26.62
ESP32_653218,2025-04-20T11:18:00,345.5,0.0266,440.22,OFF,,,,763.9153,2319.368,29.87
ESP32_653218,2025-04-20T12:18:00,305.18,0.02695,435.05,ON,34.19,32.44,-0.02517,762.5288,2327.707,32.82
ESP32_653218,2025-04-20T13:18:00,299.45,0.02647,438.81,ON,33.73,32.95,-0.02566,764.0206,2325.891,32.79
ESP32_653218,2025-04-20T14:18:00,327.81,0.02634,433.94,ON,33.9,32.05,-0.02561,763.0803,2303.449,33.17
ESP32_653218,2025-04-20T15:18:00,339.27,0.02658,445.27,OFF,,,,762.0476,2324.429,32.97
ESP32_653218,2025-04-20T16:18:00,312.67,0.02608,429.21,OFF,,,,765.7345,2326.015,33.21
ESP32_653218,2025-04-20T17:18:00,306.84,0.02632,442.93,OFF,,,,763.4296,2314.036,31.05
ESP32_653218,2025-04-20T18:18:00,326.48,0.02664,428.41,ON,29.05,27.74,-0.02616,766.0472,2322.381,28.44
ESP32_653218,2025-04-20T19:18:00,317.84,0.02618,441.6,ON,27.37,25.84,-0.02549,765.1055,2304.575,26.17
ESP32_653218,2025-04-20T20:18:00,306.59,0.02618,444.61,ON,24.72,23.42,-0.02517,766.1061,2327.615,24.11
ESP32_653218,2025-04-20T21:18:00,360.37,0.02624,439.97,OFF,,,,764.837,2318.874,22.7
ESP32_653218,2025-04-20T22:18:00,342.93,0.02681,445.3,OFF,,,,763.2688,2315.342,20.53
ESP32_653218,2025-04-20T23:18:00,343.13,0.02669,447.59,OFF,,,,763.9013,2327.528,19.36
ESP32_653218,2025-04-21T00:18:00,336.76,0.02686,446.2,ON,18.1,16.64,-0.02634,763.4218,2302.685,17.44
ESP32_653218,2025-04-21T01:18:00,300.68,0.02649,431.55,ON,16.8,15.13,-0.02621,762.734,2325.029,16.31
ESP32_653218,2025-04-21T02:18:00,362.22,0.0266,441.01,ON,15.81,14.54,-0.02663,766.2383,2317.405,15.08
ESP32_653218,2025-04-21T03:18:00,348.0,0.02682,432.0,OFF,,,,765.4217,2322.811,14.23
ESP32_653218,2025-04-21T04:18:00,299.02,0.02624,429.75,OFF,,,,765.3657,2313.979,13.35
ESP32_653218,2025-04-21T05:18:00,311.74,0.02621,443.64,OFF,,,,765.0289,2327.612,14.32
ESP32_653218,2025-04-21T06:18:00,310.95,0.0268,425.3,ON,17.26,16.69,-0.02523,764.9062,2311.991,16.89
ESP32_653218,2025-04-21T07:18:00,309.36,0.02686,450.2,ON,18.53,17.05,-0.02571,762.9859,2309.301,18.09
ESP32_653218,2025-04-21T08:18:00,307.01,0.02617,424.74,ON,19.81,19.26,-0.02601,762.6201,2330.467,19.48
ESP32_653218,2025-04-21T09:18:00,343.95,0.02691,424.91,OFF,,,,766.9232,2306.899,22.55
ESP32_653218,2025-04-21T10:18:00,298.81,0.02625,435.88,OFF,,,,762.9322,2304.005,26.23
ESP32_653218,2025-04-21T11:18:00,314.91,0.02676,442.84,OFF,,,,763.3284,2302.85,29.47
ESP32_653218,2025-04-21T12:18:00,324.61,0.02611,426.58,ON,33.45,31.75,-0.02671,766.3699,2322.62,32.82
ESP32_653218,2025-04-21T13:18:00,338.15,0.02678,438.68,ON,33.45,32.1,-0.02562,764.3029,2304.275,32.04
ESP32_653218,2025-04-21T14:18:00,302.57,0.02622,426.59,ON,32.85,31.37,-0.02533,765.6089,2325.559,32.13
ESP32_653218,2025-04-21T15:18:00,309.09,0.02615,444.4,OFF,,,,762.7485,2316.889,32.22
ESP32_653218,2025-04-21T16:18:00,319.99,0.02672,430.16,OFF,,,,763.8607,2304.555,31.86
ESP32_653218,2025-04-21T17:18:00,321.39,0.02616,426.94,OFF,,,,762.7968,2303.081,30.03
ESP32_653218,2025-04-21T18:18:00,327.23,0.02612,424.98,ON,28.04,27.58,-0.02637,766.6367,2315.613,27.91
ESP32_653218,2025-04-21T19:18:00,309.23,0.02631,452.3,ON,25.87,24.88,-0.02643,766.0802,2305.212,25.14
ESP32_653218,2025-04-21T20:18:00,331.28,0.02631,431.83,ON,24.29,22.9,-0.02598,764.1358,2305.831,23.08
ESP32_653218,2025-04-21T21:18:00,333.13,0.02611,435.93,OFF,,,,763.5745,2315.823,22.06
ESP32_653218,2025-04-21T22:18:00,298.2,0.02685,453.15,OFF,,,,763.3361,2311.529,20.58
ESP32_653218,2025-04-21T23:18:00,324.95,0.02618,446.81,OFF,,,,763.8146,2320.556,18.53
ESP32_653218,2025-04-22T00:18:00,326.94,0.02653,441.81,ON,17.19,16.16,-0.02692,763.0127,2306.683,16.42
ESP32_653218,2025-04-22T01:18:00,319.0,0.02618,450.59,ON,15.99,15.52,-0.02697,765.9839,2327.618,16.49
ESP32_653218,2025-04-22T02:18:00,331.78,0.02636,426.25,ON,15.21,15.27,-0.02661,762.3424,2322.968,15.07
ESP32_653218,2025-04-22T03:18:00,337.46,0.02618,427.42,OFF,,,,764.6527,2309.664,14.3
ESP32_653218,2025-04-22T04:18:00,328.4,0.02647,435.57,OFF,,,,765.7228,2303.807,13.94
ESP32_653218,2025-04-22T05:18:00,338.42,0.02613,440.77,OFF,,,,764.1788,2316.07,15.05
ESP32_653218,2025-04-22T06:18:00,310.51,0.02665,442.66,ON,17.75,16.2,-0.02589,765.0672,2308.397,16.91
ESP32_653218,2025-04-22T07:18:00,343.47,0.02688,423.27,ON,18.5,17.27,-0.02557,762.8049,2306.742,18.15
ESP32_653218,2025-04-22T08:18:00,329.77,0.02604,450.51,ON,20.05,18.85,-0.02614,765.2565,2308.797,19.77
ESP32_653218,2025-04-22T09:18:00,360.3,0.02649,450.28,OFF,,,,765.2832,2312.257,22.65
ESP32_653218,2025-04-22T10:18:00,310.42,0.02604,447.1,OFF,,,,766.0275,2332.657,25.75
ESP32_653218,2025-04-22T11:18:00,358.18,0.02677,445.62,OFF,,,,765.412,2312.973,29.04
ESP32_653218,2025-04-22T12:18:00,311.92,0.02685,446.31,ON,33.54,31.82,-0.02573,766.7077,2317.384,32.24
ESP32_653218,2025-04-22T13:18:00,347.0,0.02601,440.13,ON,32.85,31.83,-0.02672,763.7952,2305.807,31.8
ESP32_653218,2025-04-22T14:18:00,345.45,0.02693,445.95,ON,33.38,32.13,-0.02601,762.7301,2318.948,32.24
ESP32_653218,2025-04-22T15:18:00,308.04,0.02636,445.58,OFF,,,,762.1637,2315.761,32.85
ESP32_653218,2025-04-22T16:18:00,363.67,0.02617,448.99,OFF,,,,765.8818,2318.288,32.56
ESP32_653218,2025-04-22T17:18:00,343.38,0.02662,431.65,OFF,,,,766.711,2321.864,29.47
ESP32_653218,2025-04-22T18:18:00,330.44,0.02677,424.73,ON,27.77,26.36,-0.02611,763.1341,2331.91,27.03
ESP32_653218,2025-04-22T19:18:00,341.99,0.0269,435.08,ON,25.6,24.72,-0.02588,762.8428,2312.817,24.62
ESP32_653218,2025-04-22T20:18:00,359.62,0.02681,450.54,ON,22.76,21.61,-0.0256,764.2079,2315.745,21.84
ESP32_653218,2025-04-22T21:18:00,321.44,0.02655,426.98,OFF,,,,763.9638,2319.434,20.74
ESP32_653218,2025-04-22T22:18:00,347.96,0.02692,431.82,OFF,,,,765.9449,2312.15,19.55
ESP32_653218,2025-04-22T23:18:00,357.98,0.02685,450.46,OFF,,,,765.4304,2314.921,17.91
ESP32_653218,2025-04-23T00:18:00,301.41,0.02696,432.25,ON,17.07,15.34,-0.02602,765.4116,2319.825,15.94
ESP32_653218,2025-04-23T01:18:00,356.89,0.02682,428.71,ON,15.38,13.81,-0.02556,764.0616,2318.785,14.67
ESP32_653218,2025-04-23T02:18:00,332.74,0.02613,437.16,ON,15.13,13.6,-0.02697,763.6569,2304.641,14.28
ESP32_653218,2025-04-23T03:18:00,305.22,0.02614,452.22,OFF,,,,765.7583,2317.222,14.29
ESP32_653218,2025-04-23T04:18:00,351.3,0.02634,441.98,OFF,,,,763.1098,2304.099,13.09
ESP32_653218,2025-04-23T05:18:00,325.78,0.02688,435.61,OFF,,,,765.0087,2327.988,15.2
ESP32_653218,2025-04-23T06:18:00,322.6,0.02603,433.35,ON,17.06,16.53,-0.02522,764.2578,2309.005,16.78
ESP32_653218,2025-04-23T07:18:00,303.42,0.02627,443.35,ON,19.17,17.78,-0.02607,765.4032,2307.095,18.43
ESP32_653218,2025-04-23T08:18:00,354.33,0.02693,425.95,ON,21.2,19.94,-0.02506,765.438,2315.888,20.83
ESP32_653218,2025-04-23T09:18:00,352.48,0.02674,431.29,OFF,,,,766.3836,2330.555,23.04
ESP32_653218,2025-04-23T10:18:00,360.61,0.02612,430.9,OFF,,,,766.0619,2310.388,25.41
ESP32_653218,2025-04-23T11:18:00,366.78,0.02638,436.64,OFF,,,,764.8731,2308.534,28.09
ESP32_653218,2025-04-23T12:18:00,325.35,0.02602,432.21,ON,31.77,30.49,-0.02671,764.7933,2329.506,31.06
ESP32_653218,2025-04-23T13:18:00,328.03,0.02617,435.93,ON,30.95,29.93,-0.02679,764.9907,2324.444,30.72
ESP32_653218,2025-04-23T14:18:00,334.77,0.02629,445.94,ON,31.14,30.01,-0.02663,762.8494,2302.784,30.8
ESP32_653218,2025-04-23T15:18:00,313.42,0.0264,449.29,OFF,,,,763.0878,2330.924,31.09
ESP32_653218,2025-04-23T16:18:00,298.31,0.0265,433.19,OFF,,,,762.3538,2310.865,30.87
ESP32_653218,2025-04-23T17:18:00,300.78,0.02653,434.1,OFF,,,,763.5702,2330.945,29.35
ESP32_653218,2025-04-23T18:18:00,300.75,0.02629,446.09,ON,27.54,26.2,-0.02546,765.0862,2315.533,26.98
ESP32_653218,2025-04-23T19:18:00,334.14,0.02643,449.11,ON,25.58,23.99,-0.02559,762.1369,2308.364,24.54
ESP32_653218,2025-04-23T20:18:00,354.0,0.02665,438.7,ON,23.55,21.88,-0.026,764.5112,2311.383,22.3
ESP32_653218,2025-04-23T21:18:00,343.8,0.02666,441.02,OFF,,,,766.4053,2316.991,20.94
ESP32_653218,2025-04-23T22:18:00,329.79,0.02677,443.15,OFF,,,,762.9827,2315.577,18.6
ESP32_653218,2025-04-23T23:18:00,356.76,0.02686,427.6,OFF,,,,762.1207,2310.001,17.66
ESP32_653218,2025-04-24T00:18:00,361.7,0.02643,444.92,ON,18.42,16.62,-0.02578,762.6373,2330.829,17.09
ESP32_653218,2025-04-24T01:18:00,301.14,0.02668,441.38,ON,17.09,15.78,-0.02611,762.7268,2317.653,16.09
ESP32_653218,2025-04-24T02:18:00,357.63,0.0266,425.11,ON,16.55,15.66,-0.02541,765.4288,2304.22,16.11
ESP32_653218,2025-04-24T03:18:00,300.63,0.02649,448.81,OFF,,,,763.8212,2328.511,16.0
ESP32_653218,2025-04-24T04:18:00,308.4,0.02669,427.54,OFF,,,,766.3013,2304.851,15.08
ESP32_653218,2025-04-24T05:18:00,300.66,0.02603,426.61,OFF,,,,764.1871,2326.304,16.48
ESP32_653218,2025-04-24T06:18:00,344.64,0.02695,439.19,ON,19.24,18.57,-0.02577,763.6697,2320.919,18.69
ESP32_653218,2025-04-24T07:18:00,327.68,0.0265,445.38,ON,20.69,19.14,-0.02536,762.4486,2322.97,19.38
ESP32_653218,2025-04-24T08:18:00,335.99,0.02657,451.29,ON,22.16,20.66,-0.02563,764.179,2315.761,21.22
ESP32_653218,2025-04-24T09:18:00,360.26,0.02655,453.73,OFF,,,,765.7284,2327.941,23.37
ESP32_653218,2025-04-24T10:18:00,334.13,0.02637,439.5,OFF,,,,762.2884,2331.548,26.81
ESP32_653218,2025-04-24T11:18:00,307.49,0.02618,431.42,OFF,,,,764.6363,2309.756,28.68
ESP32_653218,2025-04-24T12:18:00,355.42,0.026,428.85,ON,32.84,31.45,-0.026,766.0583,2313.39,32.39
ESP32_653218,2025-04-24T13:18:00,340.87,0.02671,448.13,ON,33.04,32.11,-0.02657,766.0945,2319.458,32.22
ESP32_653218,2025-04-24T14:18:00,321.75,0.02619,447.15,ON,32.5,30.8,-0.025,766.3647,2318.235,32.12
ESP32_653218,2025-04-24T15:18:00,328.3,0.02679,452.9,OFF,,,,762.7392,2318.274,31.47
ESP32_653218,2025-04-24T16:18:00,333.01,0.02632,435.57,OFF,,,,764.9385,2327.993,30.48
ESP32_653218,2025-04-24T17:18:00,302.47,0.02639,441.63,OFF,,,,765.792,2318.874,28.7
ESP32_653218,2025-04-24T18:18:00,323.53,0.02618,435.69,ON,27.55,26.72,-0.02698,766.5955,2329.776,26.62
ESP32_653218,2025-04-24T19:18:00,336.35,0.02682,429.53,ON,26.3,24.57,-0.0252,765.3121,2321.513,25.49
ESP32_653218,2025-04-24T20:18:00,349.18,0.02603,443.15,ON,23.04,22.04,-0.02661,763.2005,2308.485,23.02
ESP32_653218,2025-04-24T21:18:00,316.25,0.02629,450.87,OFF,,,,766.5393,2313.604,21.35
ESP32_653218,2025-04-24T22:18:00,310.89,0.02664,431.94,OFF,,,,765.9616,2321.981,19.98
ESP32_653218,2025-04-24T23:18:00,354.74,0.02657,442.69,OFF,,,,765.9505,2303.607,18.68
ESP32_653218,2025-04-25T00:18:00,324.58,0.02643,447.33,ON,19.03,17.51,-0.02507,765.4481,2313.129,18.21
ESP32_653218,2025-04-25T01:18:00,311.46,0.02661,452.25,ON,17.94,16.72,-0.02526,766.1487,2318.209,17.11
ESP32_653218,2025-04-25T02:18:00,334.7,0.02692,438.35,ON,17.38,15.51,-0.0265,763.2557,2330.361,16.63
ESP32_653218,2025-04-25T03:18:00,334.36,0.02627,429.89,OFF,,,,762.4879,2321.489,16.17
ESP32_653218,2025-04-25T04:18:00,326.42,0.02654,447.85,OFF,,,,762.1541,2332.379,15.67
ESP32_653218,2025-04-25T05:18:00,303.69,0.02639,453.0,OFF,,,,764.0774,2308.522,17.35
ESP32_653218,2025-04-25T06:18:00,325.53,0.0264,452.24,ON,18.78,18.03,-0.02555,762.3023,2315.902,18.41
ESP32_653218,2025-04-25T07:18:00,357.96,0.02695,450.42,ON,20.19,19.39,-0.0263,762.0792,2330.806,20.01
ESP32_653218,2025-04-25T08:18:00,331.56,0.02678,446.59,ON,22.14,21.14,-0.02551,762.7336,2315.466,21.32
ESP32_653218,2025-04-25T09:18:00,338.35,0.02688,451.72,OFF,,,,764.4982,2318.125,25.22
ESP32_653218,2025-04-25T10:18:00,341.31,0.02672,446.51,OFF,,,,762.919,2318.158,28.02
ESP32_653218,2025-04-25T11:18:00,320.24,0.02603,435.58,OFF,,,,765.9776,2316.632,30.36
ESP32_653218,2025-04-25T12:18:00,358.15,0.02681,447.23,ON,33.94,32.33,-0.02588,762.688,2310.853,33.16
ESP32_653218,2025-04-25T13:18:00,300.79,0.02674,450.16,ON,33.98,32.93,-0.02553,765.6262,2322.348,33.5
ESP32_653218,2025-04-25T14:18:00,308.62,0.02635,429.68,ON,33.87,32.63,-0.02587,763.8862,2302.214,32.82
ESP32_653218,2025-04-25T15:18:00,337.79,0.02668,429.85,OFF,,,,764.7848,2322.616,32.96
ESP32_653218,2025-04-25T16:18:00,341.51,0.02621,436.94,OFF,,,,765.9273,2304.477,32.56
ESP32_653218,2025-04-25T17:18:00,360.75,0.02649,425.37,OFF,,,,763.2233,2315.305,30.54
ESP32_653218,2025-04-25T18:18:00,323.57,0.02673,448.58,ON,28.72,27.33,-0.02591,766.3591,2327.225,28.0
ESP32_653218,2025-04-25T19:18:00,357.82,0.02646,448.81,ON,26.62,25.65,-0.02519,763.5639,2325.555,26.1
ESP32_653218,2025-04-25T20:18:00,341.76,0.02699,427.23,ON,24.51,23.63,-0.02671,764.0182,2324.246,24.02
ESP32_653218,2025-04-25T21:18:00,334.36,0.02643,433.04,OFF,,,,766.5425,2321.201,22.28
ESP32_653218,2025-04-25T22:18:00,305.28,0.02614,437.64,OFF,,,,764.8849,2332.989,21.41
ESP32_653218,2025-04-25T23:18:00,317.47,0.02613,432.44,OFF,,,,764.4114,2331.075,19.09
ESP32_653218,2025-04-26T00:18:00,311.49,0.02609,444.47,ON,19.4,17.87,-0.02693,763.2762,2318.888,18.77
ESP32_653218,2025-04-26T01:18:00,323.78,0.02628,437.69,ON,19.88,17.64,-0.02664,766.5815,2325.551,18.56
ESP32_653218,2025-04-26T02:18:00,350.98,0.02649,438.58,ON,18.88,17.12,-0.02683,765.4339,2325.953,17.63
ESP32_653218,2025-04-26T03:18:00,341.63,0.02686,438.9,OFF,,,,763.1863,2307.058,17.57
ESP32_653218,2025-04-26T04:18:00,301.45,0.02649,443.88,OFF,,,,766.223,2326.211,17.77
ESP32_653218,2025-04-26T05:18:00,321.62,0.02688,447.56,OFF,,,,762.7769,2330.766,18.9
ESP32_653218,2025-04-26T06:18:00,360.34,0.02667,429.53,ON,21.15,19.74,-0.02512,763.7792,2315.88,19.97
ESP32_653218,2025-04-26T07:18:00,302.62,0.02667,431.04,ON,21.47,20.57,-0.02511,766.3379,2327.42,21.15
ESP32_653218,2025-04-26T08:18:00,357.79,0.02604,440.78,ON,23.34,21.81,-0.02654,762.673,2314.096,22.52
ESP32_653218,2025-04-26T09:18:00,304.04,0.02675,435.09,OFF,,,,762.8953,2315.622,26.13
ESP32_653218,2025-04-26T10:18:00,333.35,0.02653,439.4,OFF,,,,764.1084,2332.124,28.91
ESP32_653218,2025-04-26T11:18:00,317.81,0.02621,446.5,OFF,,,,763.4447,2327.942,32.45
ESP32_653218,2025-04-26T12:18:00,301.08,0.02602,430.99,ON,35.68,34.75,-0.02699,765.3965,2310.47,35.49
ESP32_653218,2025-04-26T13:18:00,335.57,0.02676,451.38,ON,37.03,35.5,-0.02658,763.2652,2308.267,35.77
ESP32_653218,2025-04-26T14:18:00,328.19,0.02681,432.11,ON,37.25,36.24,-0.02508,765.7276,2312.365,36.62
ESP32_653218,2025-04-26T15:18:00,307.12,0.02659,425.59,OFF,,,,763.6304,2326.116,37.42
ESP32_653218,2025-04-26T16:18:00,309.01,0.02626,440.06,OFF,,,,762.9041,2312.142,38.15
ESP32_653218,2025-04-26T17:18:00,327.21,0.02663,438.88,OFF,,,,766.3765,2311.63,35.67
ESP32_653218,2025-04-26T18:18:00,334.58,0.02663,437.03,ON,33.86,32.54,-0.02679,766.7082,2330.824,32.76
ESP32_653218,2025-04-26T19:18:00,307.39,0.02622,424.98,ON,30.7,30.17,-0.02541,764.6132,2319.843,30.8
ESP32_653218,2025-04-26T20:18:00,354.56,0.02675,439.4,ON,28.61,27.58,-0.026,764.2893,2330.135,28.09
ESP32_653218,2025-04-26T21:18:00,331.77,0.02626,436.04,OFF,,,,763.7605,2323.591,25.86
ESP32_653218,2025-04-26T22:18:00,320.62,0.02631,440.27,OFF,,,,766.7105,2303.111,23.52
ESP32_653218,2025-04-26T23:18:00,348.36,0.02693,441.68,OFF,,,,765.0373,2328.954,21.55
ESP32_653218,2025-04-27T00:18:00,361.53,0.02674,424.01,ON,20.91,19.62,-0.02645,765.7735,2330.78,20.34
ESP32_653218,2025-04-27T01:18:00,308.26,0.02641,430.15,ON,20.11,18.97,-0.02577,763.2407,2312.79,19.59
ESP32_653218,2025-04-27T02:18:00,337.9,0.02653,427.61,ON,19.66,18.59,-0.02691,764.3044,2313.465,19.04
ESP32_653218,2025-04-27T03:18:00,356.35,0.02647,438.74,OFF,,,,762.6744,2313.492,17.16
ESP32_653218,2025-04-27T04:18:00,341.47,0.02679,433.87,OFF,,,,764.7649,2314.58,17.03
ESP32_653218,2025-04-27T05:18:00,312.68,0.02669,436.93,OFF,,,,765.2887,2305.747,18.66
ESP32_653218,2025-04-27T06:18:00,343.41,0.02617,430.51,ON,20.23,19.45,-0.02565,763.084,2312.032,19.46
ESP32_653218,2025-04-27T07:18:00,302.38,0.02693,431.94,ON,21.08,19.73,-0.02516,762.7409,2302.126,20.19
ESP32_653218,2025-04-27T08:18:00,318.19,0.02687,439.08,ON,22.39,21.37,-0.02619,766.684,2308.681,22.1
ESP32_653218,2025-04-27T09:18:00,336.27,0.02607,439.88,OFF,,,,763.3307,2326.523,24.38
ESP32_653218,2025-04-27T10:18:00,322.68,0.02613,450.6,OFF,,,,763.6358,2326.972,26.02
ESP32_653218,2025-04-27T11:18:00,309.03,0.02691,441.8,OFF,,,,762.1936,2329.53,28.65
ESP32_653218,2025-04-27T12:18:00,323.82,0.02664,428.63,ON,30.36,29.46,-0.02659,764.5755,2329.02,29.2
ESP32_653218,2025-04-27T13:18:00,327.59,0.0269,440.29,ON,31.82,30.88,-0.02514,766.4414,2319.888,30.99
ESP32_653218,2025-04-27T14:18:00,335.1,0.0264,446.34,ON,31.84,30.43,-0.02563,764.3467,2316.802,31.08
ESP32_653218,2025-04-27T15:18:00,349.33,0.02665,447.11,OFF,,,,763.572,2303.722,32.03
ESP32_653218,2025-04-27T16:18:00,307.95,0.02621,432.02,OFF,,,,764.3807,2326.638,32.13
ESP32_653218,2025-04-27T17:18:00,314.09,0.02652,438.59,OFF,,,,764.2153,2329.86,30.04
ESP32_653218,2025-04-27T18:18:00,337.56,0.0264,447.22,ON,29.46,28.02,-0.02602,766.1549,2315.282,28.74
ESP32_653218,2025-04-27T19:18:00,357.32,0.02697,429.57,ON,26.92,26.02,-0.02557,763.3661,2322.025,26.01
ESP32_653218,2025-04-27T20:18:00,349.23,0.02699,448.63,ON,25.59,24.33,-0.02591,766.7498,2305.813,24.8
ESP32_653218,2025-04-27T21:18:00,343.5,0.02638,426.06,OFF,,,,764.8955,2309.155,22.7
ESP32_653218,2025-04-27T22:18:00,347.63,0.02613,453.39,OFF,,,,766.6527,2321.847,22.61
ESP32_653218,2025-04-27T23:18:00,306.77,0.02697,451.92,OFF,,,,763.0865,2327.968,21.53
ESP32_653218,2025-04-28T00:18:00,334.35,0.02618,446.26,ON,19.21,17.94,-0.02597,765.0377,2309.078,18.71
ESP32_653218,2025-04-28T01:18:00,332.29,0.02642,430.2,ON,18.47,16.76,-0.02653,766.0458,2326.844,17.38
ESP32_653218,2025-04-28T02:18:00,357.75,0.02636,440.5,ON,17.37,16.68,-0.02676,766.018,2306.771,16.97
ESP32_653218,2025-04-28T03:18:00,348.95,0.02623,427.15,OFF,,,,762.0814,2303.107,15.89
ESP32_653218,2025-04-28T04:18:00,309.07,0.02639,449.72,OFF,,,,763.0109,2313.084,15.17
ESP32_653218,2025-04-28T05:18:00,340.92,0.02606,436.94,OFF,,,,764.7299,2307.742,16.93
ESP32_653218,2025-04-28T06:18:00,365.4,0.02655,429.72,ON,18.62,17.5,-0.027,763.275,2315.376,17.83
ESP32_653218,2025-04-28T07:18:00,350.99,0.02657,425.51,ON,20.86,19.79,-0.02676,762.07,2320.835,20.01
ESP32_653218,2025-04-28T08:18:00,317.76,0.02653,437.36,ON,21.9,20.62,-0.02555,766.2369,2311.421,20.84
ESP32_653218,2025-04-28T09:18:00,348.17,0.0269,438.8,OFF,,,,766.6396,2307.557,24.23
ESP32_653218,2025-04-28T10:18:00,346.01,0.02698,437.68,OFF,,,,763.0866,2319.997,26.97
ESP32_653218,2025-04-28T11:18:00,313.1,0.02602,430.2,OFF,,,,763.1376,2314.594,29.69
ESP32_653218,2025-04-28T12:18:00,338.08,0.02654,451.55,ON,33.95,32.6,-0.02628,762.8008,2330.377,33.34
ESP32_653218,2025-04-28T13:18:00,366.01,0.02642,427.27,ON,33.67,32.76,-0.02612,763.741,2330.255,33.06
ESP32_653218,2025-04-28T14:18:00,348.34,0.02634,430.57,ON,34.47,32.89,-0.02508,763.2702,2307.392,33.35
ESP32_653218,2025-04-28T15:18:00,310.5,0.02698,446.98,OFF,,,,765.8076,2311.234,34.22
ESP32_653218,2025-04-28T16:18:00,299.44,0.02672,445.2,OFF,,,,765.355,2305.735,34.35
ESP32_653218,2025-04-28T17:18:00,364.75,0.02626,441.2,OFF,,,,766.5889,2328.542,31.65
ESP32_653218,2025-04-28T18:18:00,343.87,0.02639,438.7,ON,29.99,28.75,-0.02507,766.4534,2304.36,28.81
ESP32_653218,2025-04-28T19:18:00,332.35,0.02614,426.48,ON,27.58,26.18,-0.02646,766.691,2304.4,27.12
ESP32_653218,2025-04-28T20:18:00,338.9,0.02615,430.11,ON,26.04,24.54,-0.02647,762.8897,2323.247,24.91
ESP32_653218,2025-04-28T21:18:00,309.52,0.02692,438.23,OFF,,,,765.9658,2312.516,23.65
ESP32_653218,2025-04-28T22:18:00,351.54,0.02627,423.79,OFF,,,,762.6435,2330.556,21.87
ESP32_653218,2025-04-28T23:18:00,358.08,0.02666,426.56,OFF,,,,766.2858,2322.131,20.15
ESP32_653218,2025-04-29T00:18:00,299.88,0.02613,431.69,ON,21.2,19.44,-0.02621,764.326,2331.314,20.23
ESP32_653218,2025-04-29T01:18:00,353.67,0.02688,437.81,ON,19.71,19.12,-0.026,762.8015,2326.981,19.64
ESP32_653218,2025-04-29T02:18:00,323.85,0.02657,444.81,ON,19.05,17.64,-0.02593,765.4178,2317.741,18.15
ESP32_653218,2025-04-29T03:18:00,360.44,0.02642,438.83,OFF,,,,765.5071,2310.978,18.51
ESP32_653218,2025-04-29T04:18:00,347.57,0.02603,444.06,OFF,,,,766.6652,2320.669,16.62
ESP32_653218,2025-04-29T05:18:00,352.0,0.02627,432.98,OFF,,,,765.9176,2316.914,17.96
ESP32_653218,2025-04-29T06:18:00,361.99,0.0268,427.4,ON,20.5,19.26,-0.02589,765.3792,2304.893,19.61
ESP32_653218,2025-04-29T07:18:00,311.61,0.0268,428.63,ON,21.04,19.73,-0.02502,763.5708,2314.744,20.38
ESP32_653218,2025-04-29T08:18:00,316.58,0.0266,447.06,ON,22.7,21.66,-0.02656,764.5542,2317.728,22.4
ESP32_653218,2025-04-29T09:18:00,298.15,0.02673,448.97,OFF,,,,763.0354,2303.977,25.12
ESP32_653218,2025-04-29T10:18:00,350.44,0.0263,434.07,OFF,,,,765.4309,2313.002,28.65
ESP32_653218,2025-04-29T11:18:00,344.7,0.02684,440.08,OFF,,,,765.0484,2304.048,30.99
ESP32_653218,2025-04-29T12:18:00,320.06,0.02663,434.83,ON,34.69,33.49,-0.02581,762.2707,2324.39,33.77
ESP32_653218,2025-04-29T13:18:00,310.32,0.02677,425.72,ON,35.41,34.31,-0.0266,766.7031,2321.602,34.29
ESP32_653218,2025-04-29T14:18:00,300.53,0.0269,437.03,ON,33.66,32.53,-0.0258,763.5166,2308.541,33.16
ESP32_653218,2025-04-29T15:18:00,338.8,0.027,433.63,OFF,,,,765.4092,2316.294,33.36
ESP32_653218,2025-04-29T16:18:00,331.25,0.0263,430.11,OFF,,,,762.6716,2320.856,32.83
ESP32_653218,2025-04-29T17:18:00,304.87,0.02662,435.18,OFF,,,,766.8132,2307.402,30.26
ESP32_653218,2025-04-29T18:18:00,333.39,0.02608,438.78,ON,29.55,28.27,-0.0251,765.2758,2315.069,28.62
ESP32_653218,2025-04-29T19:18:00,322.63,0.02603,428.67,ON,27.5,26.11,-0.02502,765.4063,2325.975,26.54
ESP32_653218,2025-04-29T20:18:00,360.53,0.02611,451.6,ON,24.87,23.8,-0.02517,765.7246,2321.376,24.15
ESP32_653218,2025-04-29T21:18:00,299.98,0.02609,431.41,OFF,,,,764.3883,2326.825,23.37
ESP32_653218,2025-04-29T22:18:00,349.04,0.02617,426.43,OFF,,,,764.4998,2324.32,22.21
ESP32_653218,2025-04-29T23:18:00,320.08,0.0265,448.85,OFF,,,,766.2894,2314.727,21.28
ESP32_653218,2025-04-30T00:18:00,317.21,0.02607,428.52,ON,19.98,18.35,-0.02558,765.7715,2305.22,18.95
ESP32_653218,2025-04-30T01:18:00,314.43,0.02633,442.41,ON,18.91,18.03,-0.02577,764.1855,2326.59,18.55
ESP32_653218,2025-04-30T02:18:00,300.29,0.02642,424.86,ON,19.11,17.26,-0.02616,762.2432,2318.89,18.03
ESP32_653218,2025-04-30T03:18:00,322.26,0.02603,434.28,OFF,,,,763.8108,2317.919,16.24
ESP32_653218,2025-04-30T04:18:00,330.43,0.027,435.52,OFF,,,,763.8553,2324.8,15.43
ESP32_653218,2025-04-30T05:18:00,355.63,0.02689,432.72,OFF,,,,765.3372,2317.267,16.85
ESP32_653218,2025-04-30T06:18:00,335.39,0.02686,446.04,ON,19.8,18.49,-0.02614,765.3116,2317.731,18.94
ESP32_653218,2025-04-30T07:18:00,324.48,0.02684,450.37,ON,20.48,19.64,-0.02678,762.7933,2330.787,19.82
ESP32_653218,2025-04-30T08:18:00,302.86,0.02671,437.96,ON,22.68,21.59,-0.02652,762.7627,2323.449,21.88
ESP32_653218,2025-04-30T09:18:00,332.31,0.02684,453.84,OFF,,,,766.2851,2305.367,25.07
ESP32_653218,2025-04-30T10:18:00,302.44,0.02661,444.99,OFF,,,,762.4984,2320.929,28.46
ESP32_653218,2025-04-30T11:18:00,318.38,0.02646,444.62,OFF,,,,764.5302,2323.851,31.92
ESP32_653218,2025-04-30T12:18:00,338.88,0.02622,450.41,ON,35.81,34.73,-0.02593,765.2029,2327.204,35.04
ESP32_653218,2025-04-30T13:18:00,350.41,0.027,427.62,ON,36.06,35.0,-0.02532,762.449,2307.088,34.82
ESP32_653218,2025-04-30T14:18:00,346.6,0.02628,437.37,ON,35.33,34.57,-0.02535,765.9848,2323.667,34.8
ESP32_653218,2025-04-30T15:18:00,328.47,0.02645,438.67,OFF,,,,763.3765,2330.821,34.49
ESP32_653218,2025-04-30T16:18:00,355.48,0.02676,452.95,OFF,,,,765.4706,2331.556,34.1
ESP32_653218,2025-04-30T17:18:00,312.33,0.02674,448.87,OFF,,,,762.3964,2328.75,32.45
ESP32_653218,2025-04-30T18:18:00,346.36,0.02682,423.72,ON,30.1,28.31,-0.02659,765.1028,2326.447,29.25
ESP32_653218,2025-04-30T19:18:00,332.13,0.02661,426.97,ON,28.61,26.81,-0.02637,766.86,2316.503,28.09
ESP32_653218,2025-04-30T20:18:00,313.65,0.0267,444.67,ON,26.0,25.01,-0.02641,763.4298,2330.566,25.54
ESP32_653218,2025-04-30T21:18:00,356.34,0.02612,427.94,OFF,,,,762.3874,2332.989,24.24
ESP32_653218,2025-04-30T22:18:00,303.12,0.02616,442.31,OFF,,,,766.793,2321.754,22.02
ESP32_653218,2025-04-30T23:18:00,322.81,0.02657,426.73,OFF,,,,766.9789,2312.113,21.1
ESP32_653218,2025-05-01T00:18:00,341.69,0.0269,447.69,ON,19.58,18.43,-0.02678,764.7498,2312.435,18.76
ESP32_653218,2025-05-01T01:18:00,304.87,0.02612,436.75,ON,18.31,17.49,-0.02513,766.4662,2309.671,18.39
ESP32_653218,2025-05-01T02:18:00,307.5,0.02624,440.28,ON,18.01,16.91,-0.02553,766.6265,2325.337,16.74
ESP32_653218,2025-05-01T03:18:00,339.32,0.02607,448.89,OFF,,,,764.9558,2322.729,16.35
ESP32_653218,2025-05-01T04:18:00,355.42,0.02601,438.45,OFF,,,,763.5791,2331.644,15.35
ESP32_653218,2025-05-01T05:18:00,337.12,0.02637,434.22,OFF,,,,766.8142,2310.791,17.18
ESP32_653218,2025-05-01T06:18:00,358.15,0.02616,429.42,ON,20.04,19.37,-0.0269,764.7147,2325.377,19.56
ESP32_653218,2025-05-01T07:18:00,345.85,0.02622,449.21,ON,21.31,20.64,-0.02505,766.3002,2317.7,20.78
ESP32_653218,2025-05-01T08:18:00,354.7,0.02647,425.6,ON,23.12,22.26,-0.02625,765.8636,2309.394,22.82
ESP32_653218,2025-05-01T09:18:00,305.27,0.02691,429.71,OFF,,,,764.3647,2307.284,25.72
ESP32_653218,2025-05-01T10:18:00,327.3,0.02699,423.82,OFF,,,,763.9455,2325.211,29.33
ESP32_653218,2025-05-01T11:18:00,326.08,0.02631,441.22,OFF,,,,765.9512,2311.264,32.01
ESP32_653218,2025-05-01T12:18:00,332.29,0.02687,444.14,ON,35.08,34.81,-0.02521,763.4502,2309.877,34.87
ESP32_653218,2025-05-01T13:18:00,306.11,0.0268,444.77,ON,36.09,34.57,-0.02676,762.0119,2313.901,34.71
ESP32_653218,2025-05-01T14:18:00,355.89,0.02686,450.8,ON,34.88,34.1,-0.02657,765.7042,2310.093,34.39
ESP32_653218,2025-05-01T15:18:00,329.8,0.02603,427.47,OFF,,,,765.3594,2307.153,34.5
ESP32_653218,2025-05-01T16:18:00,337.83,0.02619,432.02,OFF,,,,763.2427,2306.74,34.11
ESP32_653218,2025-05-01T17:18:00,355.11,0.02689,430.12,OFF,,,,766.8652,2313.63,31.87
ESP32_653218,2025-05-01T18:18:00,342.77,0.02681,452.83,ON,30.26,28.47,-0.02617,762.9056,2313.879,29.61
ESP32_653218,2025-05-01T19:18:00,363.95,0.02608,426.03,ON,28.05,26.37,-0.0254,766.5514,2311.657,27.45
ESP32_653218,2025-05-01T20:18:00,329.81,0.02656,432.44,ON,24.54,23.18,-0.02546,765.4708,2302.336,24.15
ESP32_653218,2025-05-01T21:18:00,350.08,0.02622,435.42,OFF,,,,765.2649,2332.438,23.27
ESP32_653218,2025-05-01T22:18:00,355.7,0.02611,448.21,OFF,,,,762.0371,2303.623,21.6
ESP32_653218,2025-05-01T23:18:00,310.95,0.02615,445.16,OFF,,,,764.5538,2331.324,19.78
ESP32_653218,2025-05-02T00:18:00,320.5,0.02653,425.63,ON,18.99,18.55,-0.02501,765.8142,2304.126,19.3
ESP32_653218,2025-05-02T01:18:00,348.78,0.02649,426.25,ON,19.47,18.38,-0.02678,762.303,2302.408,18.77
ESP32_653218,2025-05-02T02:18:00,316.23,0.026,432.27,ON,18.1,17.21,-0.02673,763.7115,2324.47,17.64
ESP32_653218,2025-05-02T03:18:00,313.8,0.02613,433.29,OFF,,,,765.0184,2314.88,17.23
ESP32_653218,2025-05-02T04:18:00,341.52,0.02602,451.65,OFF,,,,765.6603,2306.776,16.58
ESP32_653218,2025-05-02T05:18:00,310.05,0.02643,423.21,OFF,,,,766.5646,2325.369,19.03
ESP32_653218,2025-05-02T06:18:00,359.56,0.02653,436.76,ON,22.14,20.2,-0.02551,765.8789,2321.641,21.19
ESP32_653218,2025-05-02T07:18:00,346.65,0.02623,430.37,ON,23.66,21.99,-0.02696,764.2776,2302.308,22.64
ESP32_653218,2025-05-02T08:18:00,325.58,0.02643,453.42,ON,25.17,24.52,-0.02672,766.9233,2324.254,25.0
ESP32_653218,2025-05-02T09:18:00,299.07,0.02638,442.74,OFF,,,,763.6855,2303.621,27.84
ESP32_653218,2025-05-02T10:18:00,359.47,0.0262,433.9,OFF,,,,763.6016,2326.073,30.88
ESP32_653218,2025-05-02T11:18:00,346.57,0.02637,428.24,OFF,,,,764.8389,2306.598,33.73
ESP32_653218,2025-05-02T12:18:00,313.84,0.02641,432.47,ON,36.74,35.51,-0.02671,763.0643,2328.716,36.07
ESP32_653218,2025-05-02T13:18:00,335.75,0.02632,432.21,ON,36.98,35.94,-0.02695,766.9543,2306.414,36.87
ESP32_653218,2025-05-02T14:18:00,364.04,0.0266,437.21,ON,36.44,35.07,-0.02642,763.3796,2305.96,35.18
ESP32_653218,2025-05-02T15:18:00,315.9,0.02617,435.42,OFF,,,,765.4825,2330.012,34.79
ESP32_653218,2025-05-02T16:18:00,346.92,0.02608,448.34,OFF,,,,764.9205,2326.711,34.08
ESP32_653218,2025-05-02T17:18:00,329.96,0.02678,448.9,OFF,,,,765.2464,2312.195,32.35
ESP32_653218,2025-05-02T18:18:00,338.18,0.02603,453.36,ON,30.86,29.77,-0.0262,765.4906,2314.981,30.3
ESP32_653218,2025-05-02T19:18:00,354.26,0.02689,435.35,ON,29.47,27.51,-0.02645,762.5554,2329.875,28.23
ESP32_653218,2025-05-02T20:18:00,363.86,0.02661,453.62,ON,25.87,24.93,-0.02581,765.0957,2308.238,25.45
ESP32_653218,2025-05-02T21:18:00,356.96,0.02637,437.81,OFF,,,,763.4471,2314.948,25.2
ESP32_653218,2025-05-02T22:18:00,355.97,0.02614,424.23,OFF,,,,766.6482,2316.305,21.57
ESP32_653218,2025-05-02T23:18:00,309.87,0.02658,442.74,OFF,,,,763.7529,2321.992,20.71
ESP32_653218,2025-05-03T00:18:00,313.81,0.02632,440.02,ON,19.66,17.74,-0.02682,762.1664,2319.473,18.61
ESP32_653218,2025-05-03T01:18:00,348.09,0.027,442.18,ON,18.7,17.14,-0.02682,762.0251,2326.376,18.01
ESP32_653218,2025-05-03T02:18:00,334.9,0.02641,429.06,ON,17.58,16.12,-0.02654,762.7099,2314.182,17.11
ESP32_653218,2025-05-03T03:18:00,332.08,0.02615,441.0,OFF,,,,766.6401,2303.025,16.53
ESP32_653218,2025-05-03T04:18:00,350.67,0.0261,450.84,OFF,,,,763.1134,2319.626,16.3
ESP32_653218,2025-05-03T05:18:00,347.58,0.02621,440.4,OFF,,,,762.9175,2309.752,18.11
ESP32_653218,2025-05-03T06:18:00,327.78,0.02634,430.09,ON,20.68,19.42,-0.02623,763.1278,2303.288,19.97
ESP32_653218,2025-05-03T07:18:00,346.45,0.02676,430.72,ON,22.09,21.16,-0.02548,762.2767,2317.044,22.24
ESP32_653218,2025-05-03T08:18:00,340.98,0.02639,436.54,ON,24.13,24.14,-0.02508,764.5034,2327.94,23.88
ESP32_653218,2025-05-03T09:18:00,313.48,0.02605,430.61,OFF,,,,766.2431,2316.351,26.54
ESP32_653218,2025-05-03T10:18:00,336.0,0.02607,435.32,OFF,,,,764.7689,2325.901,29.25
ESP32_653218,2025-05-03T11:18:00,304.71,0.0264,425.36,OFF,,,,763.8244,2318.208,31.48
ESP32_653218,2025-05-03T12:18:00,315.63,0.02658,442.92,ON,34.92,33.7,-0.02539,764.9568,2310.016,34.38
ESP32_653218,2025-05-03T13:18:00,307.03,0.02648,425.07,ON,34.47,32.81,-0.02644,765.5984,2312.958,33.68
ESP32_653218,2025-05-03T14:18:00,357.44,0.0266,440.15,ON,33.9,31.87,-0.02664,763.1204,2308.696,33.11
ESP32_653218,2025-05-03T15:18:00,317.62,0.02638,443.34,OFF,,,,763.2685,2307.012,32.69
ESP32_653218,2025-05-03T16:18:00,357.79,0.02671,452.7,OFF,,,,763.1845,2303.836,32.88
ESP32_653218,2025-05-03T17:18:00,305.79,0.02611,453.79,OFF,,,,766.6065,2316.111,30.95
ESP32_653218,2025-05-03T18:18:00,335.97,0.02616,443.25,ON,30.06,28.22,-0.02622,766.6046,2323.072,28.52
ESP32_653218,2025-05-03T19:18:00,357.48,0.02643,447.99,ON,27.86,25.11,-0.02689,766.0511,2315.921,26.35
ESP32_653218,2025-05-03T20:18:00,362.15,0.02679,436.11,ON,24.77,23.75,-0.02569,764.5474,2316.246,24.19
ESP32_653218,2025-05-03T21:18:00,338.54,0.02689,449.59,OFF,,,,765.7963,2314.99,22.83
ESP32_653218,2025-05-03T22:18:00,310.89,0.02666,428.55,OFF,,,,765.229,2303.859,20.97
ESP32_653218,2025-05-03T23:18:00,358.03,0.02695,443.79,OFF,,,,764.0792,2308.916,19.91
ESP32_653218,2025-05-04T00:18:00,302.71,0.02625,451.05,ON,19.21,17.21,-0.0258,765.0586,2331.608,18.49
ESP32_653218,2025-05-04T01:18:00,333.36,0.02669,435.42,ON,18.11,17.24,-0.02523,764.5522,2302.757,17.41
ESP32_653218,2025-05-04T02:18:00,310.1,0.02655,437.87,ON,18.03,16.42,-0.02646,762.9541,2304.695,17.15
ESP32_653218,2025-05-04T03:18:00,341.63,0.02686,429.1,OFF,,,,764.2316,2313.018,16.37
ESP32_653218,2025-05-04T04:18:00,302.9,0.02647,450.71,OFF,,,,763.7162,2327.784,15.64
ESP32_653218,2025-05-04T05:18:00,318.42,0.02676,428.53,OFF,,,,764.411,2321.78,17.01
ESP32_653218,2025-05-04T06:18:00,305.54,0.02645,444.8,ON,19.89,18.11,-0.02625,764.9905,2324.075,19.64
ESP32_653218,2025-05-04T07:18:00,340.47,0.02682,441.68,ON,21.41,19.81,-0.02546,763.0059,2317.233,20.65
ESP32_653218,2025-05-04T08:18:00,299.17,0.02677,443.74,ON,24.15,22.29,-0.02604,766.2196,2319.044,22.97
ESP32_653218,2025-05-04T09:18:00,333.6,0.0263,428.15,OFF,,,,763.3327,2314.154,24.9
ESP32_653218,2025-05-04T10:18:00,331.27,0.02603,453.52,OFF,,,,763.8032,2305.75,27.64
ESP32_653218,2025-05-04T11:18:00,321.06,0.02612,446.79,OFF,,,,765.3034,2318.109,29.49
ESP32_653218,2025-05-04T12:18:00,352.11,0.02644,453.5,ON,32.35,30.3,-0.02554,763.8737,2327.986,31.59
ESP32_653218,2025-05-04T13:18:00,317.59,0.02698,428.02,ON,32.09,31.69,-0.02564,764.1266,2311.605,31.22
ESP32_653218,2025-05-04T14:18:00,364.77,0.02642,433.42,ON,32.23,30.12,-0.02668,764.116,2328.398,31.32
ESP32_653218,2025-05-04T15:18:00,341.91,0.02666,439.0,OFF,,,,764.0147,2320.867,30.66
ESP32_653218,2025-05-04T16:18:00,326.27,0.02631,440.54,OFF,,,,766.8544,2317.352,29.8
ESP32_653218,2025-05-04T17:18:00,330.41,0.02631,430.61,OFF,,,,763.0905,2329.636,27.65
ESP32_653218,2025-05-04T18:18:00,341.64,0.02646,433.84,ON,27.35,26.06,-0.02585,764.0002,2311.385,26.48
ESP32_653218,2025-05-04T19:18:00,359.56,0.0265,450.29,ON,25.57,23.58,-0.02635,762.6786,2305.572,24.62
ESP32_653218,2025-05-04T20:18:00,322.27,0.0264,423.94,ON,23.9,22.44,-0.02661,765.6084,2325.493,22.95
ESP32_653218,2025-05-04T21:18:00,336.08,0.02637,446.56,OFF,,,,762.3253,2314.137,21.52
ESP32_653218,2025-05-04T22:18:00,325.38,0.02643,442.88,OFF,,,,764.3368,2311.099,20.79
ESP32_653218,2025-05-04T23:18:00,302.24,0.02615,446.49,OFF,,,,765.0045,2308.081,19.03
ESP32_653218,2025-05-05T00:18:00,298.35,0.02656,452.34,ON,18.95,17.88,-0.02664,764.4655,2313.755,18.31
ESP32_653218,2025-05-05T01:18:00,303.84,0.02639,452.03,ON,19.13,17.5,-0.02671,765.8411,2329.384,18.45
ESP32_653218,2025-05-05T02:18:00,316.9,0.02687,432.81,ON,19.15,18.21,-0.02604,763.9828,2314.679,18.46
ESP32_653218,2025-05-05T03:18:00,349.12,0.02603,453.44,OFF,,,,762.6266,2311.816,17.71
ESP32_653218,2025-05-05T04:18:00,357.5,0.02627,441.43,OFF,,,,762.1786,2309.319,17.77
ESP32_653218,2025-05-05T05:18:00,330.03,0.02667,432.9,OFF,,,,764.3034,2303.452,18.75
ESP32_653218,2025-05-05T06:18:00,342.22,0.02664,436.62,ON,20.56,19.9,-0.02579,764.2585,2307.426,20.15
ESP32_653218,2025-05-05T07:18:00,303.59,0.02652,441.72,ON,21.96,21.46,-0.02626,763.3961,2324.406,21.72
ESP32_653218,2025-05-05T08:18:00,304.27,0.02643,446.87,ON,23.25,23.03,-0.02511,763.4988,2317.174,22.85
ESP32_653218,2025-05-05T09:18:00,348.23,0.02605,431.7,OFF,,,,763.731,2312.211,23.56
ESP32_653218,2025-05-05T10:18:00,361.32,0.02626,444.52,OFF,,,,764.9446,2316.909,25.22
ESP32_653218,2025-05-05T11:18:00,323.89,0.0268,446.33,OFF,,,,764.6701,2315.501,26.78
ESP32_653218,2025-05-05T12:18:00,353.15,0.02634,433.29,ON,28.78,27.2,-0.02628,763.7508,2320.698,27.78
ESP32_653218,2025-05-05T13:18:00,338.72,0.02604,425.9,ON,28.76,26.42,-0.02672,763.3549,2328.007,27.49
ESP32_653218,2025-05-05T14:18:00,322.24,0.02664,452.69,ON,27.31,26.47,-0.02624,765.7358,2324.396,27.33
ESP32_653218,2025-05-05T15:18:00,326.07,0.02682,448.86,OFF,,,,763.4186,2308.32,27.64
ESP32_653218,2025-05-05T16:18:00,360.41,0.02626,428.19,OFF,,,,763.2634,2314.256,27.07
ESP32_653218,2025-05-05T17:18:00,354.78,0.0266,426.2,OFF,,,,764.8441,2329.032,25.91
ESP32_653218,2025-05-05T18:18:00,347.95,0.0268,429.33,ON,25.31,24.09,-0.02564,762.1002,2327.909,24.42
ESP32_653218,2025-05-05T19:18:00,311.75,0.02662,437.0,ON,23.31,22.51,-0.02629,765.3456,2331.612,22.43
ESP32_653218,2025-05-05T20:18:00,331.22,0.02652,435.87,ON,21.58,21.2,-0.0267,765.7146,2306.535,21.35
ESP32_653218,2025-05-05T21:18:00,318.23,0.02693,434.84,OFF,,,,766.7029,2330.299,20.4
ESP32_653218,2025-05-05T22:18:00,327.27,0.02692,426.92,OFF,,,,766.1005,2313.662,20.08
ESP32_653218,2025-05-05T23:18:00,304.42,0.02679,439.51,OFF,,,,763.6504,2332.951,19.54
ESP32_653218,2025-05-06T00:18:00,365.98,0.02684,448.73,ON,17.7,16.81,-0.02644,766.1061,2323.782,17.17
ESP32_653218,2025-05-06T01:18:00,331.1,0.02615,451.74,ON,16.65,15.94,-0.02641,762.0061,2319.894,16.47
ESP32_653218,2025-05-06T02:18:00,339.61,0.02628,429.72,ON,16.95,15.78,-0.02543,763.7963,2303.869,16.02
ESP32_653218,2025-05-06T03:18:00,330.46,0.02661,453.63,OFF,,,,766.6387,2311.679,14.88
ESP32_653218,2025-05-06T04:18:00,300.2,0.02696,427.57,OFF,,,,762.6845,2324.479,14.46
ESP32_653218,2025-05-06T05:18:00,351.17,0.02603,442.04,OFF,,,,764.6051,2314.658,17.13
ESP32_653218,2025-05-06T06:18:00,333.68,0.0264,447.85,ON,19.17,17.73,-0.02684,763.3965,2305.186,18.64
ESP32_653218,2025-05-06T07:18:00,301.07,0.02657,426.28,ON,20.54,19.28,-0.02541,764.3861,2306.28,19.65
ESP32_653218,2025-05-06T08:18:00,326.28,0.02668,434.94,ON,23.05,21.73,-0.02639,765.8527,2331.369,22.15
ESP32_653218,2025-05-06T09:18:00,315.96,0.02656,436.03,OFF,,,,766.4941,2315.839,24.15
ESP32_653218,2025-05-06T10:18:00,360.08,0.02687,441.5,OFF,,,,764.6862,2302.407,26.6
ESP32_653218,2025-05-06T11:18:00,352.92,0.02623,424.95,OFF,,,,763.7694,2323.07,28.92
ESP32_653218,2025-05-06T12:18:00,298.09,0.02681,449.45,ON,31.64,30.98,-0.02685,764.2977,2302.748,30.89
ESP32_653218,2025-05-06T13:18:00,364.89,0.02696,452.73,ON,31.76,30.52,-0.02579,764.8017,2326.855,30.89
ESP32_653218,2025-05-06T14:18:00,329.93,0.0268,447.68,ON,31.42,29.24,-0.02547,762.5683,2302.523,30.47
ESP32_653218,2025-05-06T15:18:00,361.84,0.02687,453.04,OFF,,,,766.9984,2321.438,30.22
ESP32_653218,2025-05-06T16:18:00,360.8,0.02623,435.17,OFF,,,,766.6361,2326.18,29.9
ESP32_653218,2025-05-06T17:18:00,342.88,0.02626,439.21,OFF,,,,764.4227,2307.7,28.76
ESP32_653218,2025-05-06T18:18:00,334.92,0.0265,448.79,ON,27.86,26.51,-0.02595,762.9128,2329.271,26.81
ESP32_653218,2025-05-06T19:18:00,305.12,0.02616,446.52,ON,25.58,24.17,-0.02551,765.3247,2320.768,25.03
ESP32_653218,2025-05-06T20:18:00,365.82,0.02602,437.15,ON,24.07,23.35,-0.02617,766.5251,2316.22,23.76
ESP32_653218,2025-05-06T21:18:00,346.01,0.02626,432.34,OFF,,,,766.3288,2326.918,21.53
ESP32_653218,2025-05-06T22:18:00,332.46,0.02678,453.32,OFF,,,,765.9922,2305.158,20.35
ESP32_653218,2025-05-06T23:18:00,323.91,0.02656,428.32,OFF,,,,762.643,2304.405,18.51
